issue_id,issue_type,priority,description_length,num_comments,time_to_resolve_hours,time_in_progress_hours,lines_added,lines_deleted,lines_updated_est,total_files_changed,num_commits
IVY-1654,Bug,Major,343,3,44.50833333333333,,346,122,122,10,1
IVY-1652,Bug,Major,1678,3,3977.5519444444444,,400,446,400,21,1
IVY-1651,Improvement,Trivial,464,2,5971.596388888889,,84,66,66,33,3
IVY-1650,Bug,Minor,7422,1,6582.738055555556,,60,6,6,12,2
IVY-1649,Bug,Major,7089,4,6583.395555555556,,94,9,9,18,3
IVY-1648,Bug,Major,149,1,0.06861111111111111,,17,2,2,3,1
IVY-1647,Bug,Major,263,3,0.20305555555555554,,59,7,7,3,1
IVY-1642,Bug,Major,1049,2,291.33,,220,45,45,6,1
IVY-1641,Bug,Major,7471,0,943.7013888888889,,9,5,5,3,1
IVY-1632,Bug,Major,607,1,7682.200833333333,,14,1,1,5,3
IVY-1631,Bug,Major,288,0,22.90888888888889,,256,121,121,10,2
IVY-1628,Bug,Major,754,6,73.42055555555555,,109,21,21,2,2
IVY-1626,Task,Major,405,4,1163.1408333333334,,1,0,0,1,1
IVY-1618,Bug,Minor,1725,1,5322.756111111111,,37,2,2,3,1
IVY-1616,Bug,Major,1892,4,11843.61,,94,2,2,4,1
IVY-1615,Improvement,Minor,190,2,12071.3325,,47,9,9,3,1
IVY-1612,Task,Minor,116,1,26459.2475,0.0030277777777777777,2,5,2,2,1
IVY-1610,Bug,Major,665,2,271.4683333333333,,23,3,3,2,1
IVY-1602,Bug,Major,235,5,32.01972222222222,,92,0,0,2,1
IVY-1594,Bug,Major,310,10,1389.3219444444444,,107,33,33,12,5
IVY-1589,Bug,Major,715,3,0.7127777777777777,,4,2,2,1,1
IVY-1588,Bug,Major,1174,4,1.4491666666666667,,164,21,21,6,1
IVY-1586,Bug,Blocker,509,27,9814.681666666667,,124,8,8,6,2
IVY-1580,Bug,Major,3005,8,11333.8325,10466.469618055555,300,10,10,12,1
IVY-1577,Bug,Major,271,5,51.48916666666667,,837,47,47,7,1
IVY-1576,Bug,Major,974,10,308.99888888888887,,76,4,4,10,3
IVY-1575,Bug,Minor,724,1,2.643611111111111,,3,1,1,1,1
IVY-1573,Bug,Major,436,0,794.7341666666666,742.0539097222223,11,7,7,1,1
IVY-1569,Improvement,Major,1077,5,2725.0291666666667,,60,42,42,4,2
IVY-1566,Bug,Major,7341,15,430.6802777777778,,10,2,2,2,1
IVY-1563,Dependency upgrade,Major,363,0,6.488611111111111,,376,349,349,8,2
IVY-1561,Improvement,Minor,874,4,103.04888888888888,,154,2,2,3,1
IVY-1558,Improvement,Major,154,1,0.024722222222222222,,587,145,145,10,1
IVY-1557,Bug,Major,846,3,1739.0241666666666,,144,1,1,3,1
IVY-1555,Bug,Minor,7137,2,1578.5383333333334,,94,23,23,4,2
IVY-1554,Improvement,Critical,868,3,2073.4158333333335,,158,5,5,12,2
IVY-1549,Bug,Major,179,1,1328.4716666666666,,15,7,7,2,1
IVY-1546,Bug,Minor,561,1,12537.101666666667,,0,371,0,4,1
IVY-1545,Bug,Major,6152,7,16417.890277777777,,237,7,7,10,1
IVY-1540,Bug,Major,374,9,13156.208888888888,,202,29,29,11,2
IVY-1539,Bug,Major,2531,2,8252.341944444444,,38,1,1,4,1
IVY-1531,Bug,Major,1073,5,15390.863055555556,,113,28,28,7,3
IVY-1529,Bug,Major,40,1,441.3955555555556,,58,20,20,8,2
IVY-1528,Bug,Critical,297,11,16315.416388888889,,294,1,1,5,2
IVY-1526,Bug,Major,487,12,1509.2727777777777,,207,3,3,6,1
IVY-1522,Bug,Critical,1926,22,17704.4675,,152,42,42,4,3
IVY-1521,Improvement,Minor,162,2,3003.6055555555554,,68,72,68,4,1
IVY-1520,Improvement,Minor,415,1,17973.77472222222,,1,0,0,1,1
IVY-1515,Improvement,Major,469,2,4650.6211111111115,,89,1,1,9,1
IVY-1504,Bug,Major,633,5,52.13916666666667,,2,0,0,1,1
IVY-1498,Bug,Blocker,470,5,23552.373333333333,,207,44,44,9,3
IVY-1495,Bug,Major,1055,7,22731.409722222223,,103,8,8,4,2
IVY-1493,Bug,Minor,1010,4,433.5152777777778,,8,1,1,2,1
IVY-1491,Improvement,Major,88,3,362.0986111111111,,19,18,18,17,1
IVY-1487,Bug,Major,1274,17,586.2422222222223,,2,0,0,1,1
IVY-1486,Bug,Major,526,15,37186.97416666667,,683,34,34,38,1
IVY-1483,Bug,Major,6924,12,31279.084166666667,983.3223727777778,12,1,1,3,1
IVY-1482,Bug,Major,1730,5,20452.524444444443,,8,1,1,2,1
IVY-1478,Bug,Blocker,1512,7,25183.067222222224,,131,10,10,9,2
IVY-1476,Improvement,Major,2607,2,28710.1025,,740,118,118,36,1
IVY-1475,Bug,Major,1179,13,26651.0975,,121,45,45,4,2
IVY-1474,New Feature,Major,441,8,4807.599166666667,,513,0,0,9,1
IVY-1472,Bug,Critical,2296,4,78.17055555555555,,6,9,6,2,1
IVY-1471,Bug,Major,412,12,858.6027777777778,,2,2,2,2,1
IVY-1470,Improvement,Major,709,2,149.125,,102,5,5,5,1
IVY-1465,Bug,Minor,778,16,6230.511666666666,,175,19,19,4,2
IVY-1457,Bug,Major,2438,7,268.53277777777777,,806,46,46,23,3
IVY-1455,Bug,Major,1789,2,93.3625,,224,15,15,12,2
IVY-1454,Bug,Minor,1324,11,36.53916666666667,,219,31,31,4,2
IVY-1452,Bug,Blocker,4569,4,7859.991111111111,,9,1,1,2,1
IVY-1448,Bug,Blocker,6412,6,31153.054444444446,,43,5,5,5,2
IVY-1447,Improvement,Major,383,7,33101.74888888889,,38,3,3,4,1
IVY-1444,Bug,Blocker,1232,6,27558.9525,,6,26,6,2,1
IVY-1441,Bug,Major,564,4,198.69583333333333,,8,1,1,2,1
IVY-1438,Bug,Major,1277,2,4.865833333333334,,7,8,7,3,1
IVY-1437,Bug,Major,420,2,35114.95777777778,,160,34,34,7,1
IVY-1431,Improvement,Minor,893,7,2790.382222222222,,206,4,4,10,1
IVY-1430,Bug,Major,1031,3,17966.52111111111,,134,13,13,5,1
IVY-1424,Bug,Major,733,2,840.3322222222222,,190,90,90,16,2
IVY-1423,Bug,Major,396,0,4703.983611111111,,78,3,3,6,1
IVY-1421,Improvement,Major,368,2,5426.524166666667,,70,7,7,5,2
IVY-1420,Bug,Major,207,2,38798.4775,0.05222805555555555,669,299,299,17,3
IVY-1419,Bug,Major,730,2,41330.78944444445,0.16545583333333333,142,15,15,4,1
IVY-1412,Bug,Minor,752,1,4.815833333333333,,5,8,5,2,1
IVY-1408,Improvement,Minor,896,5,61.73583333333333,,9,0,0,2,1
IVY-1405,Bug,Minor,235,1,202.38194444444446,,3,1,1,2,1
IVY-1404,Bug,Major,3537,2,38512.236666666664,,158,1,1,7,1
IVY-1400,Bug,Minor,744,4,60.96194444444444,,4,3,3,2,1
IVY-1399,Bug,Major,308,7,11057.5675,,288,0,0,11,1
IVY-1396,Bug,Minor,774,4,82.67083333333333,,65,2,2,6,1
IVY-1392,Improvement,Minor,1119,2,265.05333333333334,,9,0,0,3,1
IVY-1391,Bug,Blocker,261,2,0.3013888888888889,,155,1,1,5,1
IVY-1388,Bug,Major,1278,16,895.5233333333333,,59,0,0,3,1
IVY-1383,Bug,Minor,942,2,80.465,,2,1,1,2,1
IVY-1381,Improvement,Minor,822,5,158.1627777777778,,7,0,0,2,1
IVY-1378,Bug,Critical,1818,16,553.3586111111111,,25,22,22,3,2
IVY-1376,Bug,Major,31325,1,2335.851111111111,,193,13,13,11,1
IVY-1373,Bug,Major,966,1,7.670833333333333,,64,14,14,10,1
IVY-1367,New Feature,Minor,1060,1,309.8088888888889,,82,2,2,5,1
IVY-1366,Bug,Major,974,2,889.7186111111112,,182,7,7,12,1
IVY-1364,Bug,Major,5239,3,592.0461111111111,,1655,386,386,53,1
IVY-1363,Bug,Major,3559,17,596.1252777777778,,1660,412,412,55,2
IVY-1362,Bug,Major,3607,4,1269.8561111111112,,17,7,7,3,2
IVY-1359,Bug,Major,1409,3,621.5811111111111,,1655,386,386,53,1
IVY-1357,Bug,Major,870,1,1616.013611111111,,2,1,1,2,1
IVY-1356,Bug,Major,4413,1,1923.838611111111,,100,5,5,8,1
IVY-1355,Bug,Major,406,2,45085.6375,,32,5,5,3,1
IVY-1353,Bug,Critical,499,1,1861.3847222222223,,2,1,1,2,1
IVY-1346,Improvement,Minor,1369,9,2804.4869444444444,,160,34,34,7,1
IVY-1344,Bug,Minor,102,2,2715.003888888889,,4,2,2,3,1
IVY-1343,Bug,Critical,1729,3,173.3625,,130,0,0,3,1
IVY-1340,Bug,Minor,4043,2,56.339166666666664,,28,1,1,3,1
IVY-1338,Bug,Major,445,3,263.9347222222222,,3,1,1,2,1
IVY-1336,Bug,Major,2584,5,47954.50777777778,,180,8,8,5,3
IVY-1335,Bug,Major,5469,1,261.065,,3,1,1,2,1
IVY-1333,Bug,Major,2363,8,1512.8922222222222,,231,17,17,8,2
IVY-1330,Bug,Minor,380,2,259.4530555555556,,2,2,2,1,1
IVY-1329,Bug,Major,371,1,259.48027777777776,,33,13,13,3,1
IVY-1328,Bug,Major,310,1,8.614722222222222,,13,1,1,3,1
IVY-1325,Bug,Major,3087,3,204.4638888888889,,1,0,0,1,1
IVY-1324,Bug,Major,3998,4,1398.1997222222221,,48,11,11,7,1
IVY-1321,Bug,Major,618,12,55551.186944444446,,60,8,8,2,1
IVY-1320,Bug,Major,0,6,2205.4733333333334,,1,1,1,1,1
IVY-1315,Bug,Minor,606,5,55474.56361111111,0.21033416666666666,142,15,15,4,1
IVY-1313,Bug,Major,2010,2,4490.337222222222,,266,16,16,16,1
IVY-1312,New Feature,Major,124,0,0.06638888888888889,,447,1,1,10,1
IVY-1309,Bug,Major,945,3,5878.9047222222225,,22,15,15,2,1
IVY-1305,Bug,Major,1531,1,38.84361111111111,,12,2,2,2,1
IVY-1304,Bug,Major,1776,2,128.62194444444444,,16,8,8,1,1
IVY-1301,Bug,Major,0,1,1.0975,0.001623888888888889,272,47,47,8,2
IVY-1300,Bug,Critical,1798,6,8472.406388888889,,332,20,20,12,3
IVY-1299,Bug,Major,0,2,0.20305555555555554,0.05827361111111111,107,7,7,6,2
IVY-1294,Improvement,Minor,302,4,97.32694444444445,,29,0,0,2,1
IVY-1292,Bug,Minor,346,2,63.924166666666665,,14,0,0,2,1
IVY-1288,New Feature,Major,684,3,11620.6525,,60,11,11,5,2
IVY-1287,Bug,Major,672,1,356.34222222222223,,169,99,99,7,1
IVY-1282,Bug,Major,1978,0,60893.39,,3,7,3,3,1
IVY-1281,Improvement,Major,97,7,581.945,,448,236,236,18,2
IVY-1273,Improvement,Minor,253,2,9287.286944444444,,13,9,9,7,1
IVY-1272,Bug,Minor,1035,1,174.77527777777777,,56,7,7,3,1
IVY-1269,Bug,Minor,1709,2,48.32972222222222,,5,1,1,4,1
IVY-1268,Bug,Minor,1903,5,774.6236111111111,,124,16,16,4,1
IVY-1267,Improvement,Minor,2332,2,9.790833333333333,,29,21,21,4,2
IVY-1266,Bug,Minor,301,1,2059.0755555555556,,8,6,6,2,1
IVY-1265,Bug,Minor,138,1,2059.34,,2,1,1,2,1
IVY-1263,Bug,Minor,114,1,10483.748333333333,,2,0,0,2,1
IVY-1262,Improvement,Minor,623,1,265.8488888888889,,37,3,3,5,1
IVY-1253,Bug,Major,2871,5,366.8019444444444,,31,49,31,7,3
IVY-1252,New Feature,Minor,3337,2,14925.472777777777,,184,32,32,11,4
IVY-1250,Bug,Major,1129,0,383.0416666666667,,2,1,1,2,1
IVY-1249,Task,Major,48,2,59544.65861111111,,37,12,12,9,4
IVY-1248,Bug,Minor,2520,3,214.45277777777778,,156,45,45,3,1
IVY-1243,Bug,Major,326,0,0.14194444444444446,,18,6,6,4,1
IVY-1241,New Feature,Major,230,2,1413.7625,,1307,3135,1307,64,4
IVY-1240,Bug,Major,708,1,0.4683333333333333,,208,6,6,15,1
IVY-1238,Bug,Major,1875,1,5.954444444444444,,91,5,5,5,1
IVY-1237,Bug,Major,646,1,49.856944444444444,,5,4,4,5,1
IVY-1236,Bug,Major,4391,3,2155.2119444444443,,157,6,6,9,1
IVY-1235,Improvement,Minor,689,4,3191.493611111111,,241,29,29,7,1
IVY-1234,Bug,Critical,5592,3,26.071944444444444,,44,2,2,2,1
IVY-1233,Bug,Major,1971,15,8095.581388888889,,283,30,30,14,2
IVY-1232,Bug,Blocker,692,1,1.1086111111111112,,7,0,0,2,1
IVY-1230,Bug,Minor,343,1,5.044444444444444,,3,2,2,2,1
IVY-1229,Bug,Major,784,3,7764.893055555555,,166,56,56,7,1
IVY-1227,Bug,Major,1776,2,850.7955555555556,,133,8,8,11,5
IVY-1225,Bug,Major,4245,1,199.6913888888889,,10,1,1,2,1
IVY-1222,Improvement,Major,561,1,5.685,,257,265,257,18,1
IVY-1216,Improvement,Major,338,3,51.878055555555555,,76,78,76,19,1
IVY-1215,Improvement,Major,116,1,149.7525,,28,0,0,5,1
IVY-1214,Improvement,Trivial,950,2,80.07833333333333,,10,1,1,2,1
IVY-1213,Bug,Major,3683,1,13979.209166666667,,36,7,7,4,1
IVY-1212,Bug,Minor,1156,1,56.16138888888889,,11,3,3,2,1
IVY-1211,Improvement,Critical,1068,1,285.5738888888889,,25,8,8,3,1
IVY-1208,Improvement,Minor,728,4,6001.565833333333,,124,0,0,1,1
IVY-1207,Bug,Major,288,2,109.29305555555555,,58,0,0,3,1
IVY-1206,Bug,Major,1318,7,12875.949166666667,,262,1,1,7,1
IVY-1203,Bug,Major,333,2,21.626944444444444,,61,1,1,4,1
IVY-1200,New Feature,Minor,0,0,191.65055555555554,,54,10,10,4,1
IVY-1199,Bug,Major,164,1,62.96666666666667,,12,5,5,6,1
IVY-1194,Bug,Blocker,14648,8,35.463055555555556,,177,108,108,10,3
IVY-1190,Improvement,Major,205,1,0.24,,3,2,2,2,1
IVY-1186,Bug,Major,1142,1,1192.8802777777778,,193,13,13,13,1
IVY-1180,New Feature,Major,157,2,39.49444444444445,,32,0,0,8,2
IVY-1179,Bug,Minor,3399,5,532.6019444444445,,216,5,5,9,1
IVY-1178,Bug,Major,1293,8,131.1472222222222,,318,7,7,20,2
IVY-1177,Bug,Major,720,1,18.57638888888889,,20,1,1,3,2
IVY-1175,Bug,Minor,402,5,106.56083333333333,,487,8,8,5,1
IVY-1172,Bug,Major,314,1,22.35638888888889,,140,139,139,13,1
IVY-1171,Bug,Major,159,3,0.11305555555555556,,58,8,8,5,4
IVY-1170,Bug,Major,974,4,2639.075,,54,1,1,3,1
IVY-1169,Bug,Major,339,2,35.869166666666665,,54,0,0,4,1
IVY-1168,Bug,Minor,2291,7,336.94638888888886,,89,34,34,5,1
IVY-1167,Bug,Major,1091,2,79.39361111111111,,12,5,5,2,1
IVY-1165,Bug,Major,894,4,167.12444444444444,,11,2,2,3,2
IVY-1163,Improvement,Minor,559,2,15.433055555555555,,52,0,0,3,1
IVY-1162,Bug,Major,2573,3,13.709722222222222,,16,7,7,2,1
IVY-1159,Bug,Major,5165,7,3657.9183333333335,,314,22,22,14,1
IVY-1158,New Feature,Minor,883,2,101.10416666666667,,23,4,4,5,1
IVY-1155,Bug,Major,739,2,0.9319444444444445,,19,2,2,7,2
IVY-1152,Bug,Major,588,4,8.519166666666667,,4,9,4,3,2
IVY-1151,Improvement,Minor,105,2,227.94611111111112,,6,1,1,3,2
IVY-1150,Bug,Major,571,2,19.191111111111113,,10,7,7,2,1
IVY-1148,Bug,Major,2119,9,114.86638888888889,,11,6,6,2,2
IVY-1147,Bug,Major,3114,1,3.874722222222222,,12,15,12,2,1
IVY-1145,Bug,Major,586,2,13.976111111111111,,54,52,52,2,1
IVY-1142,Bug,Major,1612,5,58.46666666666667,,17,0,0,3,1
IVY-1139,Improvement,Minor,431,1,73.30416666666666,,1,1,1,1,1
IVY-1138,Improvement,Major,396,2,67.17027777777778,,101,1,1,8,1
IVY-1135,Improvement,Major,225,6,192.77666666666667,,110,24,24,9,2
IVY-1133,Bug,Major,803,1,482.56138888888887,,2,27,2,2,1
IVY-1131,Bug,Major,283,1,624.2566666666667,,94,7,7,4,1
IVY-1128,Bug,Major,441,6,192.28527777777776,,287,20,20,13,2
IVY-1124,Bug,Major,5360,2,305.66083333333336,,4,0,0,2,1
IVY-1123,Bug,Trivial,3020,1,494.0202777777778,,18,17,17,13,1
IVY-1120,Bug,Major,744,3,509.62166666666667,,4,3,3,2,1
IVY-1119,Bug,Minor,174,1,560.6922222222222,,3,1,1,2,1
IVY-1118,Bug,Minor,983,1,1233.0116666666668,,125,37,37,3,2
IVY-1115,Bug,Minor,5206,7,1639.6469444444444,,658,7,7,25,2
IVY-1111,Bug,Major,2554,2,1036.1066666666666,,257,2,2,9,1
IVY-1109,Bug,Trivial,1947,1,2.8005555555555555,,2,1,1,2,1
IVY-1106,Bug,Major,585,1,21.075,,6,1,1,2,1
IVY-1105,Bug,Major,1092,14,50.86083333333333,,35,1,1,2,2
IVY-1104,Bug,Major,148,17,79135.27222222222,,133,21,21,6,1
IVY-1102,Bug,Major,1530,1,553.1394444444444,,56,13,13,4,1
IVY-1098,Bug,Major,254,1,0.18583333333333332,,93,0,0,4,1
IVY-1097,New Feature,Major,1323,1,0.3347222222222222,,307,32,32,11,1
IVY-1096,Bug,Major,213,9,297.33944444444444,,145,44,44,11,4
IVY-1094,Improvement,Major,768,2,11.933333333333334,,39,33,33,2,1
IVY-1091,Bug,Minor,249,5,513.2944444444445,,7,1,1,3,1
IVY-1087,Bug,Blocker,776,6,582.7380555555555,,64,14,14,7,2
IVY-1085,Improvement,Major,2118,1,842.425,,14,2,2,3,1
IVY-1084,Improvement,Major,89,1,0.5686111111111111,,173,4,4,8,2
IVY-1083,Bug,Major,544,1,0.4825,,224,1,1,11,3
IVY-1079,Bug,Major,493,2,4303.800833333334,,1,0,0,1,1
IVY-1075,Bug,Major,1582,6,274.28194444444443,,2,0,0,2,1
IVY-1074,Improvement,Critical,1333,2,2731.57,,4,2,2,2,1
IVY-1069,Bug,Major,15954,2,1163.806111111111,,7,1,1,2,1
IVY-1066,Bug,Critical,657,4,2.111666666666667,,11,3,3,2,1
IVY-1060,Bug,Major,1120,2,29397.426944444444,,54,5,5,5,1
IVY-1058,Bug,Major,760,4,204.06472222222223,,68,2,2,4,1
IVY-1057,Improvement,Minor,170,1,5717.574166666666,,34,3,3,3,2
IVY-1056,Bug,Trivial,321,1,104.66972222222222,,17,13,13,5,1
IVY-1054,Bug,Trivial,363,1,277.7013888888889,,5,4,4,3,2
IVY-1052,Bug,Trivial,347,2,25972.84361111111,,10,1,1,2,1
IVY-1050,Improvement,Major,667,0,0.09166666666666666,,38,5,5,3,1
IVY-1044,Improvement,Major,639,2,10255.813333333334,,77,12,12,10,2
IVY-1041,Bug,Major,3177,4,25.101944444444445,,70,2,2,5,1
IVY-1038,Improvement,Major,236,0,7.553055555555556,,79,4,4,4,1
IVY-1037,Bug,Major,475,10,69.56333333333333,,108,0,0,6,2
IVY-1036,Bug,Major,2189,11,31859.309166666666,0.026423055555555557,26,1,1,2,1
IVY-1035,Improvement,Critical,266,2,24.935,,26,1,1,5,2
IVY-1030,Improvement,Major,855,2,11945.626944444444,,24,4,4,4,1
IVY-1029,Bug,Major,3192,10,89.45027777777777,,5,5,5,2,2
IVY-1028,Bug,Major,10094,5,2629.6144444444444,,39,40,39,4,2
IVY-1024,Bug,Minor,197,3,2.3652777777777776,,8,4,4,4,2
IVY-1021,Improvement,Critical,423,8,5285.950277777778,,44,0,0,2,1
IVY-1019,Improvement,Major,375,2,12.070555555555556,,44,18,18,3,1
IVY-1017,Improvement,Major,186,1,0.15083333333333335,,13,0,0,3,1
IVY-1015,New Feature,Major,1326,1,19.639166666666668,,9,1,1,2,1
IVY-1014,Improvement,Major,155,1,0.22527777777777777,,10,1,1,2,1
IVY-1013,Improvement,Major,88,1,0.04388888888888889,,6,0,0,2,1
IVY-1012,Bug,Major,188,1,1.2694444444444444,,178,21,21,10,2
IVY-1010,Bug,Major,651,1,16848.43388888889,,1,0,0,1,1
IVY-1009,Bug,Major,396,2,400.30694444444447,,2,0,0,2,1
IVY-1007,Bug,Major,235,2,413.755,,3,3,3,2,1
IVY-1006,Bug,Major,249,2,313.16083333333336,,18,7,7,8,2
IVY-1005,Improvement,Major,162,4,13186.049166666666,,144,15,15,6,2
IVY-999,Bug,Major,7801,8,132.10722222222222,,182,0,0,10,1
IVY-996,Improvement,Major,698,5,397.31083333333333,,20,12,12,3,1
IVY-995,Bug,Major,4355,1,7.060555555555555,,4,8,4,1,1
IVY-994,Improvement,Major,648,1,25.10333333333333,,56,23,23,5,1
IVY-992,Bug,Major,442,3,910.1361111111111,,12,1,1,3,1
IVY-989,Improvement,Minor,676,2,1277.8408333333334,,75,3,3,8,1
IVY-987,Bug,Major,2261,13,2261.762222222222,,6,1,1,2,1
IVY-982,Bug,Major,9856,13,84769.58972222223,,99,1,1,5,2
IVY-980,Bug,Major,1822,3,21.886666666666667,,40,0,0,5,1
IVY-977,Improvement,Minor,1532,11,32.066944444444445,,16,1,1,4,2
IVY-976,Improvement,Major,411,4,10.218333333333334,,4,1,1,2,1
IVY-975,Bug,Major,1491,4,13.429444444444444,,985,8,8,4,1
IVY-974,Bug,Major,2365,5,2456.4275,,142,51,51,7,1
IVY-970,Bug,Major,430,8,156.89138888888888,,116,7,7,5,2
IVY-968,Bug,Major,1300,5,9156.376666666667,,40,2,2,3,1
IVY-965,Improvement,Major,1633,2,315.80305555555555,,11,1,1,2,1
IVY-963,Improvement,Major,131,2,5830.111944444445,,6,0,0,2,1
IVY-962,Bug,Major,718,15,1132.4611111111112,,1,1,1,1,1
IVY-961,Bug,Major,139,4,106.77666666666667,,13,1,1,3,1
IVY-960,Bug,Major,379,3,6.475555555555555,,3,0,0,2,1
IVY-959,Bug,Major,1417,4,18.619444444444444,,17,1,1,2,1
IVY-956,Bug,Major,1468,15,9368.145,,499,10,10,16,5
IVY-953,Improvement,Major,372,3,11613.040833333333,,22,7,7,4,2
IVY-952,Bug,Major,652,2,9.417777777777777,,69,13,13,3,1
IVY-951,Bug,Major,781,3,10.342222222222222,,12,19,12,3,1
IVY-950,Bug,Major,367,2,14.587777777777777,,6,5,5,3,2
IVY-949,Bug,Major,240,1,35.14944444444444,,12,2,2,2,1
IVY-948,Bug,Blocker,589,3,4.2219444444444445,,15,3,3,2,1
IVY-943,Improvement,Minor,526,5,139.01416666666665,,72,0,0,5,1
IVY-941,Bug,Minor,199,2,11.313888888888888,,4,0,0,3,1
IVY-940,Bug,Major,1543,2,23.6675,,7,5,5,2,1
IVY-936,Bug,Major,388,10,365.4502777777778,,7,0,0,2,1
IVY-935,Bug,Major,149,1,0.05305555555555556,,4,3,3,2,1
IVY-932,Bug,Major,173,1,0.2436111111111111,,54,1,1,4,1
IVY-931,Bug,Major,241,5,466.15305555555557,,50,4,4,4,1
IVY-930,Bug,Blocker,1355,1,0.6925,,15,8,8,2,1
IVY-929,Bug,Critical,1855,3,458.45444444444445,,28,7,7,4,1
IVY-928,Bug,Major,345,1,0.0275,,2,1,1,2,1
IVY-927,Bug,Major,242,1,0.08638888888888889,,9,7,7,2,1
IVY-926,Bug,Major,375,2,6.8975,,27,3,3,5,2
IVY-925,Bug,Minor,2676,5,32.21861111111111,,26,1,1,4,1
IVY-924,Bug,Major,96,9,29.0625,,46,1,1,4,2
IVY-923,Bug,Major,542,7,55.695277777777775,,120,33,33,5,2
IVY-921,Improvement,Major,496,1,38.102222222222224,,274,19,19,6,2
IVY-920,Bug,Major,150,1,98.19666666666667,,22,3,3,3,1
IVY-919,Bug,Major,284,1,9.570833333333333,,6,2,2,2,1
IVY-914,Bug,Major,416,7,9.430555555555555,,12,8,8,3,1
IVY-913,Bug,Major,273,3,8.848055555555556,,4,0,0,2,1
IVY-911,Bug,Major,1811,4,128.0822222222222,,83,23,23,12,2
IVY-910,Improvement,Minor,240,2,6.99,,86,23,23,12,2
IVY-909,Improvement,Minor,659,2,154.03083333333333,,79,21,21,10,1
IVY-907,Bug,Major,1033,19,36.045,,79,21,21,10,1
IVY-905,Bug,Major,194,0,169.29166666666666,,26,1,1,2,2
IVY-903,Improvement,Major,0,1,72.06111111111112,,28,10,10,3,1
IVY-901,Bug,Major,120,3,31.72888888888889,,7,0,0,2,1
IVY-898,Bug,Major,463,2,53.1675,,83,2,2,7,1
IVY-894,Bug,Major,704,2,3.486666666666667,,19,0,0,3,1
IVY-892,Improvement,Major,54,1,1.1022222222222222,,171,5,5,10,2
IVY-891,Improvement,Major,111,1,305.95916666666665,,2,1,1,2,1
IVY-888,Bug,Minor,1584,3,72.29722222222222,,61,0,0,4,1
IVY-887,Bug,Major,5189,2,9.733055555555556,,1,1,1,1,1
IVY-886,Bug,Major,325,1,0.03194444444444444,,178,32,32,8,3
IVY-885,Bug,Major,1500,6,296.0830555555556,,32,6,6,3,2
IVY-884,Bug,Major,944,3,4.668333333333333,,15,6,6,3,1
IVY-883,Sub-task,Minor,154,0,0.22194444444444444,,543,21,21,9,1
IVY-882,Bug,Major,335,1,222.8827777777778,,283,132,132,9,1
IVY-880,Bug,Major,428,2,78520.3325,,5,0,0,1,1
IVY-879,Improvement,Major,1129,3,4091.5797222222222,,25,17,17,2,1
IVY-878,New Feature,Major,319,2,36.69722222222222,,11,1,1,3,1
IVY-876,Sub-task,Minor,312,0,3.9875,,109,25,25,8,1
IVY-874,Bug,Major,9373,8,668.5783333333334,,285,28,28,14,1
IVY-873,Bug,Major,140,0,0.08694444444444445,,59,2,2,4,1
IVY-872,Improvement,Major,794,8,983.6166666666667,,46,26,26,6,3
IVY-871,Improvement,Major,700,11,7920.714722222222,,370,8,8,8,2
IVY-868,Bug,Major,140,7,79.72472222222223,,162,36,36,26,3
IVY-867,Bug,Major,711,1,1237.4986111111111,,31,17,17,4,1
IVY-864,Bug,Major,466,4,832.3161111111111,,69,27,27,3,1
IVY-863,Bug,Minor,587,2,8.49,,2786,1766,1766,95,1
IVY-862,Improvement,Major,382,1,0.6233333333333333,,87,45,45,4,1
IVY-861,Bug,Major,629,1,6.397777777777778,,153,56,56,7,1
IVY-860,Bug,Major,290,1,1.2963888888888888,,82,5,5,5,1
IVY-859,Improvement,Major,211,1,8.2275,,161,9,9,15,2
IVY-858,Improvement,Major,204,1,31.727222222222224,,60,0,0,5,1
IVY-857,New Feature,Major,723,3,7.116666666666666,,643,188,188,25,2
IVY-856,Improvement,Major,274,1,2.830277777777778,,52,10,10,4,2
IVY-854,Bug,Major,645,6,1750.981388888889,,30,16,16,1,1
IVY-852,Improvement,Minor,270,4,11.509166666666667,,93,48,48,3,1
IVY-851,Bug,Minor,1361,4,68.6061111111111,,1,0,0,1,1
IVY-849,Improvement,Major,146,4,634.0119444444445,0.3423333333333334,200,110,110,11,2
IVY-848,Improvement,Major,142,6,1085.3325,,121,15,15,9,2
IVY-847,Improvement,Minor,566,6,32.92722222222222,,1,0,0,2,2
IVY-843,Bug,Major,5914,5,432.2030555555556,,103,12,12,6,1
IVY-840,Bug,Major,380,1,6.518055555555556,,2,1,1,2,1
IVY-838,Bug,Major,4461,1,7.1722222222222225,,284,35,35,8,2
IVY-837,Bug,Major,1786,5,3.3469444444444445,,3,2,2,2,1
IVY-836,Improvement,Major,1155,1,12.7325,,9,1,1,2,1
IVY-834,Improvement,Minor,439,1,31.35472222222222,,5,1,1,2,1
IVY-832,Improvement,Major,435,3,34.51555555555556,,8,2,2,2,1
IVY-831,Bug,Major,1348,5,6.7508333333333335,,35,2,2,5,2
IVY-829,New Feature,Major,409,23,990.8941666666667,,2015,157,157,25,2
IVY-828,Bug,Major,186,0,0.058611111111111114,,10,4,4,3,1
IVY-826,Bug,Major,231,1,4.971111111111111,,34,2,2,3,1
IVY-825,Bug,Major,745,2,68.94,,118,18,18,17,1
IVY-823,Improvement,Minor,1591,2,166.18416666666667,,8,2,2,3,1
IVY-821,Bug,Major,1031,1,6.852777777777778,,8,2,2,3,1
IVY-818,Bug,Major,1909,5,2667.593888888889,,31,31,31,6,1
IVY-817,Bug,Major,1307,9,151.04611111111112,,11,4,4,2,2
IVY-816,Bug,Major,613,2,478.49194444444447,,60,5,5,5,2
IVY-815,Bug,Major,600,2,12.420833333333333,,7,3,3,2,1
IVY-814,Bug,Major,2260,6,43.57083333333333,,42,2,2,3,1
IVY-811,Bug,Major,436,4,564.35,,153,25,25,9,3
IVY-809,Bug,Major,2111,6,7.133333333333334,,13,1,1,4,1
IVY-807,Improvement,Major,241,2,14169.290277777778,,24,1,1,2,1
IVY-805,Bug,Major,376,4,50.41777777777778,,104,21,21,4,1
IVY-804,Bug,Major,297,1,81486.09944444445,,0,1,0,1,1
IVY-803,Bug,Major,289,7,2408.0025,,24,9,9,3,1
IVY-802,Bug,Minor,238,3,0.10277777777777777,,2,9,2,2,1
IVY-801,New Feature,Major,617,1,1963.393611111111,,96,13,13,7,1
IVY-800,Improvement,Major,1847,1,1661.5258333333334,,1,0,0,1,1
IVY-798,Improvement,Major,354,2,100.13694444444444,,43,17,17,6,2
IVY-797,Bug,Major,875,2,1033.7541666666666,,12,0,0,3,1
IVY-793,Bug,Trivial,86,5,34356.93472222222,,2,1,1,2,1
IVY-791,Bug,Major,690,2,2.1727777777777777,,13,4,4,2,1
IVY-790,Improvement,Major,205,1,6.910833333333334,,17,6,6,5,1
IVY-788,Bug,Minor,345,1,11.654444444444444,,2,1,1,2,1
IVY-787,Bug,Major,2165,1,111.56916666666666,,15,3,3,3,1
IVY-785,Bug,Major,7138,47,964.5491666666667,,19,10,10,3,1
IVY-784,New Feature,Major,444,1,231.69222222222223,,1812,357,357,107,5
IVY-780,Bug,Major,424,3,355.1402777777778,,52,2,2,4,1
IVY-779,Bug,Major,1059,13,314.3986111111111,,50,3,3,4,1
IVY-778,Bug,Major,412,5,244.73805555555555,,91,0,0,4,1
IVY-777,Bug,Major,414,2,385.125,,198,34,34,8,1
IVY-776,Bug,Major,1121,1,26.11,,23,4,4,3,1
IVY-773,Bug,Major,1524,6,499.86583333333334,,146,20,20,12,4
IVY-772,Bug,Minor,69,2,263.93,,10,2,2,2,1
IVY-771,Bug,Minor,1273,4,315.2558333333333,143.79875333333334,87,1,1,5,2
IVY-770,Improvement,Minor,582,12,21149.618055555555,,282,72,72,9,3
IVY-767,Improvement,Major,148,0,0.3125,,75,0,0,9,1
IVY-766,Improvement,Major,135,0,0.33305555555555555,,75,0,0,9,1
IVY-765,Bug,Major,432,1,2552.4519444444445,,4,0,0,2,1
IVY-764,Improvement,Major,1339,13,1578.3466666666666,,31,140,31,9,4
IVY-763,Bug,Minor,205,1,587.6077777777778,,40,7,7,6,1
IVY-762,Bug,Major,752,3,1877.9672222222223,,74,4,4,5,1
IVY-759,Bug,Critical,259,0,44.89083333333333,,37,11,11,2,1
IVY-757,Improvement,Major,219,1,0.17833333333333334,,620,140,140,12,1
IVY-756,Task,Major,210,0,4.359444444444445,,5,39,5,3,1
IVY-755,Bug,Major,118,1,3.205,,6,4,4,2,1
IVY-753,Improvement,Minor,336,1,853.9327777777778,,1677,238,238,93,3
IVY-752,Bug,Minor,297,1,819.7697222222222,,3,2,2,3,1
IVY-751,Bug,Major,691,1,820.3544444444444,,5,4,4,2,1
IVY-750,Bug,Major,620,4,49.608333333333334,,43,15,15,6,1
IVY-749,Task,Major,410,0,48.02527777777778,,20,18,18,2,1
IVY-748,Task,Major,264,4,48.305,,1,1,1,1,1
IVY-747,Task,Major,69,0,47.492222222222225,,38,0,0,2,1
IVY-745,Improvement,Minor,1412,1,4393.443888888889,,119,9,9,7,1
IVY-744,Bug,Blocker,3216,2,33.43861111111111,,9,6,6,3,1
IVY-743,Bug,Major,6275,1,389.0777777777778,,34,4,4,3,1
IVY-742,New Feature,Major,1655,21,19299.977222222224,,2217,176,176,43,2
IVY-740,New Feature,Major,769,1,198.53194444444443,,438,85,85,53,2
IVY-739,New Feature,Major,691,1,198.7163888888889,,432,86,86,51,2
IVY-737,Bug,Major,1206,2,313.09055555555557,,155,3,3,11,1
IVY-736,Bug,Minor,915,3,20425.105833333335,,77,2,2,5,2
IVY-734,Improvement,Major,1485,1,357.82472222222225,,9,0,0,3,1
IVY-733,Bug,Major,635,3,3221.5619444444446,,15,4,4,1,1
IVY-732,Bug,Major,1211,3,3231.76,,100,0,0,3,1
IVY-731,Bug,Major,865,3,1131.641111111111,,125,22,22,5,1
IVY-729,Bug,Major,197,1,0.20027777777777778,,88,1,1,10,1
IVY-728,Bug,Major,373,1,1.1522222222222223,,29,1,1,4,1
IVY-727,Improvement,Major,41,2,524.9183333333333,,49,16,16,5,1
IVY-726,Bug,Major,226,1,0.43805555555555553,,9,1,1,3,1
IVY-724,Bug,Major,346,1,0.14972222222222223,,64,8,8,3,1
IVY-721,Improvement,Major,135,1,16.420277777777777,,150,5,5,5,1
IVY-720,Bug,Major,634,1,22.373055555555556,,23,4,4,3,1
IVY-717,Bug,Major,436,4,571.0047222222222,,150,13,13,15,1
IVY-716,Bug,Major,2628,8,1033.5841666666668,,440,138,138,15,1
IVY-715,New Feature,Major,749,1,1.531111111111111,,432,227,227,25,2
IVY-714,Bug,Major,118,2,458.6197222222222,,5,3,3,1,1
IVY-713,Bug,Major,141,1,3839.6272222222224,,22,0,0,2,1
IVY-712,Bug,Major,123,0,0.025555555555555557,,5,0,0,2,1
IVY-711,Bug,Major,46,1,986.6144444444444,,3,3,3,1,1
IVY-710,Bug,Major,232,2,17.618333333333332,,52,4,4,2,1
IVY-709,Bug,Major,186,2,21.145555555555557,,5,1,1,2,1
IVY-708,Bug,Major,472,2,5296.009722222222,,108,44,44,9,1
IVY-707,Bug,Major,12917,10,5297.158333333334,,54,3,3,5,2
IVY-705,Bug,Major,352,2,25.105555555555554,,13,17,13,2,2
IVY-704,Improvement,Major,368,4,25.192777777777778,,119,43,43,9,1
IVY-703,Improvement,Major,1194,1,219.69694444444445,,304,133,133,15,1
IVY-702,Bug,Minor,11243,5,5.683055555555556,,4,1,1,3,2
IVY-701,Bug,Major,384,7,15.49638888888889,,16,0,0,2,1
IVY-700,Improvement,Major,744,1,0.9586111111111111,,111,84,84,27,1
IVY-697,New Feature,Minor,165,4,36.676944444444445,,83,1,1,4,1
IVY-696,Bug,Minor,1239,1,1351.3627777777779,,109,6,6,5,1
IVY-694,New Feature,Major,1825,2,1314.2022222222222,,1272,368,368,30,2
IVY-693,Bug,Major,252,2,7.6002777777777775,,51,5,5,3,1
IVY-692,Bug,Major,677,1,1.3472222222222223,,1,1,1,1,1
IVY-690,Bug,Major,967,1,755.8336111111112,,89,11,11,4,1
IVY-688,Improvement,Major,239,1,1.906111111111111,,2,0,0,1,1
IVY-687,Improvement,Major,417,2,106.24972222222222,,7,1,1,2,1
IVY-685,Task,Major,715,1,23.105555555555554,,958,964,958,86,1
IVY-683,Bug,Major,126,1,1422.476111111111,,34,24,24,6,1
IVY-682,Bug,Major,130,0,65.63916666666667,,11,5,5,3,1
IVY-681,Bug,Major,9001,3,2582.160277777778,,440,198,198,10,2
IVY-678,Bug,Major,129,2,4767.5391666666665,,33,7,7,4,2
IVY-676,Bug,Major,1609,0,29.357222222222223,,51,1,1,4,2
IVY-667,Bug,Minor,1154,1,6144.078888888889,,6,2,2,2,1
IVY-665,New Feature,Major,191,1,2005.2419444444445,,586,4,4,11,1
IVY-664,Bug,Major,11,2,2.352222222222222,,48,37,37,6,1
IVY-663,Bug,Major,604,1,0.17916666666666667,,51,22,22,6,1
IVY-662,Improvement,Major,380,1,0.3786111111111111,,146,30,30,4,1
IVY-661,Bug,Minor,1286,2,5840.980833333333,,44,8,8,2,1
IVY-659,Bug,Critical,6250,1,7.676388888888889,,8,0,0,2,1
IVY-656,Bug,Major,367,1,4890.850833333333,,87,16,16,6,1
IVY-655,Improvement,Major,471,1,53.56361111111111,,722,50,50,22,1
IVY-654,New Feature,Major,473,6,42.16388888888889,,2982,1040,1040,94,8
IVY-653,Improvement,Minor,549,1,0.9797222222222223,,226,9,9,8,1
IVY-652,Bug,Major,429,9,6658.843611111111,,6,6,6,2,2
IVY-650,Improvement,Minor,753,6,79.965,,737,11,11,11,1
IVY-649,Improvement,Major,791,1,24.601111111111113,,271,15,15,13,3
IVY-648,New Feature,Major,773,1,236.3425,,2165,331,331,91,3
IVY-646,New Feature,Minor,180,2,46.9175,,24,5,5,3,1
IVY-644,Bug,Major,1755,4,119.05333333333333,,283,56,56,12,3
IVY-639,Bug,Critical,772,2,1.5705555555555555,,1561,680,680,44,4
IVY-638,Bug,Major,344,6,2748.2972222222224,,116,0,0,6,1
IVY-637,Bug,Critical,166,9,2665.7719444444447,,326,27,27,20,3
IVY-636,Bug,Critical,291,2,698.735,,143,8,8,11,1
IVY-635,Bug,Critical,2464,1,317.5752777777778,,229,87,87,10,2
IVY-633,Bug,Major,932,8,5853.305833333333,,133,4,4,3,1
IVY-631,Bug,Major,3361,6,300.1088888888889,,37,6,6,4,1
IVY-630,Bug,Major,5346,5,456.1333333333333,,73,1,1,6,1
IVY-628,Improvement,Major,433,3,978.8736111111111,,1040,559,559,60,6
IVY-626,Improvement,Minor,500,2,23.07,,374,15,15,3,1
IVY-625,Improvement,Major,310,0,149.14055555555555,,38,61,38,6,4
IVY-624,Bug,Major,28833,3,94.32444444444444,,32,1,1,3,1
IVY-620,Bug,Major,1005,0,0.05416666666666667,,56,0,0,4,1
IVY-618,Bug,Blocker,2031,1,2.4044444444444446,,199,14,14,7,3
IVY-616,Improvement,Major,1035,7,1419.6522222222222,,444,8,8,16,1
IVY-614,Bug,Major,107,2,73.33527777777778,73.33110055555555,689,580,580,18,2
IVY-611,Improvement,Major,517,1,26.714444444444446,,3,0,0,2,1
IVY-610,Bug,Critical,6842,0,53.785833333333336,,303,332,303,5,1
IVY-608,New Feature,Minor,436,10,2612.213888888889,,115,88,88,11,2
IVY-604,Bug,Critical,165,1,6.3036111111111115,,5,1,1,2,1
IVY-603,Bug,Major,452,5,207.76833333333335,,38,1,1,4,1
IVY-602,Bug,Major,360,1,0.2638888888888889,,99,6,6,5,1
IVY-601,Bug,Minor,742,3,520.4005555555556,,39,0,0,4,1
IVY-599,Bug,Minor,64,1,2245.7316666666666,,1,1,1,1,1
IVY-595,Bug,Major,725,3,5220.052222222223,,149,3,3,7,1
IVY-592,Bug,Major,764,2,5541.268888888889,,7,3,3,3,1
IVY-591,Task,Major,0,4,2599.9883333333332,,3559,3695,3559,159,21
IVY-590,Bug,Blocker,2645,6,361.7875,,110,13,13,5,1
IVY-589,Improvement,Minor,259,0,4.24,,99,10,10,7,2
IVY-588,New Feature,Minor,425,0,4.374444444444444,,86,15,15,4,1
IVY-587,Improvement,Major,570,0,82.37861111111111,,24,2,2,2,1
IVY-586,Bug,Critical,223,8,7914.6275,,442,74,74,13,5
IVY-583,Bug,Blocker,410,1,1.1697222222222223,,7,1,1,2,1
IVY-579,Bug,Major,853,1,6125.208333333333,,97,51,51,11,1
IVY-578,Bug,Minor,5247,6,8518.3625,,69,2,2,6,1
IVY-576,Task,Major,112,0,702.0502777777778,,258,231,231,2,1
IVY-574,Task,Major,0,0,702.2125,,2,0,0,1,1
IVY-573,Bug,Major,655,4,8860.85611111111,,61,0,0,3,1
IVY-571,Bug,Trivial,200,1,3237.7144444444443,,3,1,1,1,1
IVY-565,New Feature,Major,98,2,0.11027777777777778,,209,22,22,17,1
IVY-564,Improvement,Major,230,1,1.1352777777777778,,147,26,26,7,1
IVY-563,Improvement,Major,252,1,2.062777777777778,,7,1,1,4,1
IVY-558,Improvement,Major,359,2,117.85416666666667,,12918,17229,12918,342,2
IVY-556,Bug,Minor,201,1,0.057777777777777775,,82,55,55,9,1
IVY-555,Bug,Major,434,2,2641.2555555555555,,120,351,120,9,1
IVY-554,Improvement,Trivial,98,3,41076.53111111111,,161,161,161,2,1
IVY-553,Improvement,Major,483,1,4492.733333333334,,286,35,35,26,1
IVY-551,Improvement,Major,140,3,229.18166666666667,,19,16,16,5,1
IVY-550,Bug,Major,233,1,0.1475,,4,1,1,3,1
IVY-548,Bug,Major,735,1,258.6202777777778,,209,22,22,17,1
IVY-545,Improvement,Minor,0,3,8711.336944444445,,148,1,1,2,1
IVY-544,Improvement,Minor,0,6,8711.363611111112,,106,59,59,18,2
IVY-543,Improvement,Trivial,555,2,2933.525833333333,,60,5,5,3,2
IVY-541,Bug,Major,1749,6,8763.423055555555,,113,33,33,7,1
IVY-537,Bug,Major,878,7,6831.796666666667,,611,270,270,18,2
IVY-535,New Feature,Minor,84,3,0.32305555555555554,,16,42,16,1,1
IVY-534,Bug,Minor,242,1,27.412777777777777,,1,1,1,1,1
IVY-530,Improvement,Major,180,3,405.36555555555555,,4,3,3,4,2
IVY-529,Bug,Major,7119,3,2214.405,,23,7,7,2,1
IVY-526,Bug,Major,312,2,202.29527777777778,,14,19,14,3,1
IVY-524,Bug,Major,459,0,0.08805555555555555,,60,43,43,2,1
IVY-522,Bug,Major,97,2,0.4111111111111111,,27,2,2,4,2
IVY-520,Bug,Critical,144,2,817.9930555555555,,191,9,9,4,1
IVY-518,Improvement,Trivial,43,2,159.50583333333333,,1343,1344,1343,56,1
IVY-517,Bug,Minor,515,4,141.86305555555555,,67,2,2,4,1
IVY-514,Bug,Minor,265,2,4659.2138888888885,,13,4,4,3,1
IVY-513,Improvement,Minor,655,0,222.5661111111111,,110,108,108,1,1
IVY-512,Bug,Major,5358,5,8.339166666666667,,108,1,1,8,2
IVY-511,Improvement,Major,358,6,46039.59388888889,,392,368,368,21,3
IVY-509,Bug,Major,157,0,369.79055555555556,,775,166,166,15,1
IVY-508,Bug,Minor,398,0,526.5327777777778,,2,2,2,2,1
IVY-507,Bug,Major,603,2,0.7219444444444445,,63,6,6,6,1
IVY-505,Improvement,Trivial,464,3,181.55777777777777,,87,25,25,9,1
IVY-504,Improvement,Major,138,6,674.8825,,122,5,5,4,1
IVY-502,Bug,Major,203,1,0.043055555555555555,,6,0,0,2,1
IVY-501,Bug,Blocker,440,8,7863.389166666667,,350,11,11,16,1
IVY-500,Bug,Blocker,2290,3,9.82611111111111,,68,2,2,4,1
IVY-499,Improvement,Trivial,127,2,11829.238055555556,,6,2,2,3,2
IVY-498,Improvement,Major,241,2,1007.2955555555556,,3,425,3,8,1
IVY-497,Bug,Major,430,5,8.826666666666666,,150,33,33,29,2
IVY-494,Bug,Major,391,1,969.4888888888889,,44,8,8,3,1
IVY-493,Bug,Critical,289,7,679.8830555555555,,775,166,166,15,1
IVY-492,New Feature,Major,1019,12,5065.557222222223,,734,56,56,15,3
IVY-491,Improvement,Trivial,1443,1,25722.06,,7,10,7,2,1
IVY-489,Bug,Major,573,2,36.1325,,67,7,7,3,1
IVY-488,Bug,Major,0,1,1619.6180555555557,,1,0,0,1,1
IVY-487,Bug,Major,0,1,1259.328888888889,,14,2,2,1,1
IVY-486,Bug,Major,758,6,79.0663888888889,,17,2,2,2,1
IVY-481,Improvement,Major,553,1,1786.4008333333334,,167,32,32,7,1
IVY-480,Improvement,Major,1466,7,4.020277777777777,,16,2,2,2,1
IVY-478,Bug,Major,767,1,341.38138888888886,,6,1,1,2,1
IVY-477,Bug,Major,277,1,412.4036111111111,,60,0,0,5,1
IVY-476,Improvement,Major,69,2,41.742222222222225,,25,3,3,1,1
IVY-475,Bug,Major,1088,1,193.18055555555554,,140,22,22,6,2
IVY-474,Bug,Major,444,3,5667.478888888889,,79,0,0,5,1
IVY-473,Improvement,Major,267,2,1708.3944444444444,,122,5,5,4,1
IVY-471,Bug,Minor,0,2,5771.912222222222,,46,25,25,5,1
IVY-470,Wish,Major,780,2,676.1805555555555,,12652,12643,12643,157,1
IVY-466,Improvement,Major,395,1,6674.374722222222,,556,3,3,18,1
IVY-465,Bug,Major,1098,2,8781.226388888888,,118,12,12,5,1
IVY-464,Improvement,Major,128,3,145.19916666666666,,97,2,2,5,1
IVY-463,Improvement,Major,316,1,67.18972222222222,,126,16,16,10,1
IVY-462,Bug,Major,128,12,30.63,,477,327,327,151,2
IVY-458,Bug,Major,415,0,0.4113888888888889,,198,2,2,6,2
IVY-457,Bug,Major,264,1,0.06333333333333334,,2,1,1,2,1
IVY-456,Bug,Major,1492,1,14.675833333333333,,548,381,381,10,1
IVY-455,Improvement,Major,207,0,121.38,,48,4,4,4,1
IVY-453,Bug,Major,121,1,0.23027777777777778,,52,15,15,7,2
IVY-452,Improvement,Major,97,3,25.126666666666665,,33,166,33,7,1
IVY-448,Bug,Minor,2178,2,0.7830555555555555,,57,2,2,12,1
IVY-442,Bug,Critical,307,1,35.013888888888886,,34,0,0,4,1
IVY-441,Bug,Critical,1210,1,35.714166666666664,,57,2,2,7,2
IVY-440,Bug,Minor,2960,2,12578.371666666666,,128,7,7,6,1
IVY-438,Improvement,Major,751,1,50.691944444444445,,3486,3428,3428,251,5
IVY-437,Bug,Major,358,6,9198.419166666667,,47,13,13,7,3
IVY-436,Bug,Major,108,1,0.28305555555555556,,113,1,1,4,1
IVY-435,Bug,Major,1300,4,71.28555555555556,,70,25,25,5,1
IVY-432,Bug,Major,624,1,24.976111111111113,,2,1,1,1,1
IVY-431,New Feature,Major,1824,4,2790.083611111111,,993,375,375,43,3
IVY-430,Bug,Major,960,3,1281.435,,230,23,23,6,1
IVY-429,Bug,Major,112,3,0.17,,4,2,2,4,1
IVY-427,Bug,Major,1399,0,247.30833333333334,,124,36,36,9,1
IVY-426,Bug,Major,126,1,0.6505555555555556,,48,48,48,1,1
IVY-425,Bug,Major,255,1,0.38472222222222224,,120,3,3,4,1
IVY-424,Bug,Critical,1251,4,2336.185,,215,0,0,2,1
IVY-423,Bug,Major,419,1,0.05472222222222222,,93,4,4,4,1
IVY-422,Bug,Major,185,2,0.2013888888888889,,55,5,5,7,1
IVY-420,Bug,Major,199,0,0.5105555555555555,,47,18,18,7,3
IVY-419,New Feature,Major,733,9,0.065,,374,181,181,21,2
IVY-418,Improvement,Major,592,1,2.4452777777777777,,287,89,89,18,3
IVY-417,Bug,Major,273,1,0.2936111111111111,,557,0,0,2,1
IVY-416,New Feature,Major,939,1,6044.066944444445,,633,0,0,13,1
IVY-415,Bug,Critical,454,1,34.00805555555556,,48,3,3,5,1
IVY-414,Bug,Major,857,5,11574.66,,10,9,9,6,2
IVY-413,Improvement,Minor,291,4,24.970833333333335,,510,510,510,5,2
IVY-412,Improvement,Trivial,34,1,21.99138888888889,,1,1,1,1,1
IVY-410,Bug,Minor,129,1,0.3597222222222222,,157,157,157,1,1
IVY-407,Bug,Major,867,23,307.56555555555553,,453,42,42,46,5
IVY-405,Bug,Minor,133,2,239.05694444444444,,115,115,115,1,1
IVY-404,Bug,Critical,606,3,514.1622222222222,,39,1,1,4,1
IVY-400,Bug,Critical,333,3,2698.7966666666666,,177,22,22,8,1
IVY-399,Improvement,Major,2583,9,48599.96527777778,,4022,2146,2146,132,6
IVY-396,Bug,Major,9707,1,1713.3972222222221,,21,2,2,4,2
IVY-395,Improvement,Major,841,8,26884.293055555554,,137,21,21,5,1
IVY-394,Task,Trivial,227,1,1.4333333333333333,,48,0,0,6,1
IVY-392,Bug,Major,865,1,24.823055555555555,,86,1,1,4,1
IVY-390,Bug,Major,1400,8,5978.3425,,37,0,0,4,2
IVY-389,Bug,Minor,1320,5,8545.1325,,138,39,39,7,1
IVY-388,Bug,Minor,220,3,12713.729166666666,,88,0,0,3,1
IVY-387,Improvement,Major,1316,10,14376.570277777777,,468,526,468,61,1
IVY-385,Improvement,Minor,296,11,1156.3741666666667,,635,632,632,6,1
IVY-383,Bug,Critical,556,5,1042.075,,174,31,31,12,1
IVY-381,Bug,Major,127,2,12780.195555555556,,24,0,0,2,1
IVY-379,Bug,Major,8077,8,6069.065277777778,,8,1,1,1,1
IVY-376,Bug,Trivial,0,2,4.2444444444444445,,137,137,137,5,1
IVY-375,Improvement,Trivial,777,1,4.279444444444445,,642,160,160,23,1
IVY-374,Bug,Minor,976,4,1873.523888888889,,23,23,23,5,1
IVY-372,Improvement,Minor,1063,5,11173.499166666666,,134,10,10,8,2
IVY-371,Bug,Major,5245,2,23.220555555555556,,2,4,2,2,1
IVY-366,Improvement,Major,1587,21,4307.621944444444,2638.0219319444445,1782,571,571,86,8
IVY-365,Improvement,Trivial,313,2,294.2216666666667,0.20155499999999998,9,6,6,2,1
IVY-359,Improvement,Minor,374,1,42.458333333333336,0.049444444444444444,2,0,0,2,1
IVY-355,Bug,Major,25493,2,10582.600277777778,,25,0,0,4,1
IVY-353,Wish,Major,471,10,4279.633888888889,,114,4,4,6,2
IVY-351,Bug,Trivial,324,2,1869.493611111111,,4,4,4,4,1
IVY-350,Bug,Major,572,2,724.4061111111112,,7,10,7,2,1
IVY-347,Bug,Critical,426,5,5046.064722222222,,170,17,17,7,1
IVY-346,Bug,Critical,764,4,913.1891666666667,,346,306,306,11,1
IVY-340,Improvement,Major,690,5,1361.7572222222223,,173,65,65,7,2
IVY-339,Improvement,Major,219,1,423.2536111111111,,81,5,5,3,1
IVY-338,Bug,Major,199,4,2525.258333333333,,35,7,7,4,2
IVY-336,Bug,Minor,581,4,1458.6066666666666,,346,306,306,11,1
IVY-334,New Feature,Major,316,2,35231.91416666667,,458,240,240,12,1
IVY-331,Bug,Major,122,0,756.2211111111111,,16,0,0,2,1
IVY-327,Bug,Blocker,371,1,950.0886111111112,,10,1,1,2,1
IVY-326,Bug,Major,12,0,1051.8316666666667,,60,6,6,5,1
IVY-325,Improvement,Major,239,6,14490.055277777778,,219,11,11,19,2
IVY-323,Improvement,Major,119,1,1100.8377777777778,,67,18,18,2,1
IVY-322,Improvement,Minor,175,4,1101.1225,,35,8,8,3,1
IVY-319,Bug,Minor,893,2,1236.6308333333334,,51,2,2,5,1
IVY-318,Bug,Major,36,1,1238.5188888888888,,34,1,1,4,1
IVY-315,Bug,Major,933,2,1316.7408333333333,,42,4,4,5,1
IVY-312,Bug,Major,32,1,1431.5813888888888,,2,1,1,2,1
IVY-311,Bug,Major,340,1,1483.713888888889,,25,11,11,2,1
IVY-310,Bug,Major,187,1,1531.9233333333334,,110,28,28,6,2
IVY-309,Improvement,Minor,168,2,100610.61972222223,983.8321475,607,578,578,67,1
IVY-308,Improvement,Major,377,4,1572.1058333333333,,16,1,1,1,1
IVY-304,Bug,Major,1885,6,1630.8030555555556,,37,2,2,3,1
IVY-303,Bug,Major,879,3,1619.5022222222221,,27,12,12,11,1
IVY-299,Bug,Major,1255,4,1645.3958333333333,,26,6,6,6,1
IVY-297,Bug,Major,497,2,13555.004444444445,,120,18,18,7,3
IVY-296,Bug,Major,805,7,1721.985,,18,4,4,6,1
IVY-293,Bug,Major,5765,14,1820.77,,26,15,15,4,1
IVY-292,Bug,Major,896,9,1822.9097222222222,,40,4,4,5,1
IVY-291,Bug,Major,398,1,1837.9080555555556,,3,0,0,1,1
IVY-289,Bug,Major,179,1,1933.5733333333333,,78,1,1,5,1
IVY-288,Bug,Critical,10339,6,1931.9663888888888,,5,0,0,1,1
IVY-285,Improvement,Minor,1012,4,2052.7502777777777,,16,4,4,2,1
IVY-284,Bug,Minor,38,2,2077.4847222222224,,6,0,0,2,1
IVY-283,Bug,Critical,499,6,2081.063611111111,,241,1,1,34,2
IVY-282,Bug,Major,1755,0,2083.9866666666667,,625,34,34,7,2
IVY-281,Improvement,Trivial,311,2,2109.091388888889,,32,1,1,3,1
IVY-280,Bug,Major,456,3,2103.905,,143,75,75,9,2
IVY-279,Bug,Major,515,4,2104.393888888889,,21,4,4,2,1
IVY-278,Improvement,Major,1107,2,2254.0847222222224,,130,0,0,1,1
IVY-276,New Feature,Major,216,2,2273.038888888889,,376,9,9,7,2
IVY-275,New Feature,Major,199,2,2278.822222222222,,428,4,4,7,1
IVY-274,Improvement,Major,867,2,2322.913888888889,,1611,11,11,25,2
IVY-273,New Feature,Major,1288,5,2368.016666666667,,1931,222,222,12,1
IVY-272,Bug,Minor,229,1,14407.8325,,87,35,35,4,1
IVY-271,New Feature,Major,367,3,2564.907222222222,,160,40,40,20,1
IVY-270,Improvement,Major,36,2,2614.548333333333,,43,4,4,5,1
IVY-269,New Feature,Major,669,2,2628.106111111111,,295,51,51,43,1
IVY-268,New Feature,Major,273,5,2699.7638888888887,,590,280,280,29,1
IVY-267,New Feature,Major,133,2,2899.0805555555557,,511,0,0,8,1
IVY-265,Bug,Major,24,2,3260.3369444444443,,2,1,1,2,1
IVY-264,Bug,Major,637,3,3257.0175,,176,57,57,18,2
IVY-263,Improvement,Major,329,10,3541.6297222222224,,23,3,3,3,1
IVY-262,Bug,Major,1035,1,3541.6655555555553,,44,1,1,4,1
IVY-261,Bug,Critical,702,2,3598.9991666666665,,54,9,9,6,1
IVY-260,New Feature,Major,102,1,3788.5075,,35,3,3,3,1
IVY-259,Bug,Major,32,1,3806.5866666666666,,67,5,5,9,1
IVY-258,Bug,Major,1283,4,3851.6983333333333,,130,2,2,14,2
IVY-257,Bug,Major,4431,2,3901.0641666666666,,6,3,3,2,1
IVY-255,New Feature,Major,184,2,4316.595833333334,,72,0,0,3,1
IVY-254,Improvement,Major,311,1,4342.419444444445,,78,29,29,3,1
IVY-253,New Feature,Major,126,3,4452.79,,121,6,6,5,2
IVY-252,Improvement,Major,145,0,4453.111666666667,,2,2,2,2,1
IVY-251,Improvement,Major,181,6,4476.025555555556,,346,200,200,10,1
IVY-250,Bug,Minor,436,1,4501.641944444445,,5,3,3,2,1
IVY-249,Bug,Major,919,1,4599.193888888889,,13,0,0,2,1
IVY-248,Bug,Major,473,1,4644.668055555556,,5,0,0,2,1
IVY-247,Improvement,Major,283,1,4675.170277777778,,56,33,33,2,1
IVY-246,Bug,Major,100,1,4675.225277777778,,56,33,33,2,1
IVY-245,Bug,Major,514,8,4675.699444444444,,111,26,26,6,2
IVY-242,Improvement,Major,130,2,4866.053055555555,,254,65,65,12,1
IVY-241,Bug,Major,742,1,4937.859166666667,,1,0,0,1,1
IVY-240,Bug,Major,170,1,4965.408888888889,,100,4,4,9,1
IVY-239,Bug,Major,424,12,4959.7108333333335,,115,27,27,9,1
IVY-238,Improvement,Major,211,2,4990.131666666667,,5,0,0,2,1
IVY-237,Bug,Major,2888,2,5078.674722222222,,13,4,4,2,1
IVY-235,Improvement,Major,210,14,5108.025555555556,,113,4,4,8,2
IVY-234,Bug,Major,834,1,5109.138333333333,,6,1,1,2,1
IVY-233,Bug,Major,473,2,5132.225277777778,,12,2,2,2,1
IVY-232,Bug,Major,680,22,20540.897777777776,,278,80,80,36,1
IVY-231,Improvement,Major,151,2,5125.280833333333,,35,5,5,5,1
IVY-230,Bug,Blocker,133,3,5156.823055555556,,32,26,26,2,1
IVY-229,Bug,Major,177,7,5147.468333333333,,57,29,29,6,3
IVY-228,New Feature,Major,301,2,5149.5280555555555,,7,0,0,2,1
IVY-227,Improvement,Major,381,3,5179.128333333333,,19,2,2,2,1
IVY-226,Improvement,Major,95,5,5179.727222222222,,55,10,10,3,1
IVY-223,New Feature,Minor,479,9,5301.495277777778,,220,16,16,8,2
IVY-222,New Feature,Minor,226,8,5323.358888888889,,150,60,60,2,1
IVY-221,New Feature,Major,453,2,5323.769722222222,,78,5,5,4,1
IVY-220,New Feature,Major,353,4,5417.054444444444,,65,9,9,6,1
IVY-219,New Feature,Major,917,4,5417.6641666666665,,1166,397,397,50,1
IVY-218,New Feature,Major,74,4,5436.948888888889,,78,8,8,7,1
IVY-217,New Feature,Major,555,5,5444.9275,,740,208,208,49,2
IVY-215,Improvement,Major,361,3,5510.165277777778,,127,98,98,4,1
IVY-214,Bug,Major,257,4,5510.454444444445,,29,2,2,4,1
IVY-213,Bug,Minor,284,2,5507.733888888889,,11,0,0,2,1
IVY-211,Improvement,Major,773,3,5557.045277777778,,233,155,155,21,1
IVY-210,New Feature,Major,307,3,5583.176111111111,,64,0,0,2,1
IVY-207,Bug,Major,137,1,5633.735555555556,,140,20,20,15,1
IVY-206,Bug,Major,228,0,5634.050277777777,,114,19,19,4,1
IVY-205,Improvement,Minor,541,4,5636.438611111111,,69,8,8,8,1
IVY-203,Bug,Major,2578,1,5772.191666666667,,40,20,20,3,1
IVY-202,New Feature,Major,375,2,5851.069166666667,,394,85,85,25,1
IVY-199,Bug,Major,224,1,5962.935555555556,,57,4,4,6,1
IVY-198,Bug,Major,1051,2,6091.6177777777775,,54,0,0,5,1
IVY-196,Improvement,Trivial,420,0,6141.781388888889,,2,1,1,2,1
IVY-195,Bug,Major,1912,1,6185.877222222222,,37,1,1,4,1
IVY-194,New Feature,Major,285,4,6277.79,,415,73,73,8,1
IVY-193,Bug,Major,221,2,6307.522777777778,,220,18,18,19,1
IVY-192,Improvement,Minor,705,1,6325.256111111111,,33,8,8,6,1
IVY-191,Bug,Minor,850,1,6326.565277777778,,15,1,1,2,1
IVY-189,New Feature,Major,629,3,6331.953333333333,,51,8,8,5,1
IVY-188,Bug,Major,317,1,6332.089722222222,,67,1,1,6,1
IVY-187,Improvement,Major,171,1,6332.6625,,27,3,3,2,1
IVY-186,Bug,Major,130,1,6355.043055555556,,26,46,26,3,1
IVY-185,Bug,Minor,687,1,6374.420833333334,,18,18,18,2,2
IVY-183,New Feature,Major,342,3,6452.251666666667,,263,14,14,21,2
IVY-182,Bug,Major,48,1,6466.941666666667,,32,11,11,4,1
IVY-181,Bug,Major,107,1,6500.81,,26,5,5,3,1
IVY-180,Bug,Major,235,2,6546.524444444444,,39,21,21,5,1
IVY-179,Bug,Major,162,2,6641.848333333333,,14,3,3,2,1
IVY-178,Bug,Minor,2767,1,6684.209444444445,,1,1,1,1,1
IVY-177,Bug,Minor,6593,7,6734.543055555556,,23,4,4,5,2
IVY-175,Bug,Minor,3123,1,6803.634722222222,,39,4,4,5,1
IVY-174,Improvement,Major,36,0,6811.321666666667,,31,1,1,4,1
IVY-173,Bug,Major,2002,7,6833.335,,89,10,10,8,1
IVY-171,Bug,Major,159,0,6850.560833333333,,10,2,2,4,1
IVY-170,Improvement,Minor,2079,2,6924.364444444444,,140,20,20,15,1
IVY-169,Bug,Major,301,0,6926.550555555556,,95,9,9,7,1
IVY-168,Bug,Major,1694,4,6951.858888888889,,72,0,0,6,1
IVY-167,Improvement,Major,333,3,6975.673333333333,,32,13,13,4,2
IVY-166,Improvement,Major,455,2,7000.383055555556,,4,1,1,2,1
IVY-165,Bug,Major,227,1,6998.669722222222,,42,10,10,7,1
IVY-164,Bug,Major,316,3,7148.223333333333,,180,1,1,11,1
IVY-163,Improvement,Major,169,1,7140.571388888889,,42,2,2,3,1
IVY-162,Bug,Major,791,0,8213.259722222223,,9,6,6,2,1
IVY-161,Improvement,Major,649,1,7165.271388888889,,497,212,212,31,2
IVY-159,Bug,Major,1495,3,7242.556388888889,,97,10,10,5,1
IVY-158,Bug,Major,711,2,7261.546388888889,,5,1,1,2,1
IVY-157,Bug,Major,132,1,7262.3822222222225,,10,5,5,3,1
IVY-156,Bug,Minor,426,4,7285.881111111111,,9,10,9,1,1
IVY-155,New Feature,Major,275,2,7287.274722222222,,542,68,68,13,1
IVY-154,Improvement,Major,126,1,7283.778888888889,,317,24,24,10,1
IVY-153,Bug,Minor,331,0,7307.264166666667,,56,8,8,4,1
IVY-152,Improvement,Minor,44,1,7313.1513888888885,,5,1,1,3,2
IVY-151,Bug,Major,36,3,7307.821388888889,,85,3,3,11,1
IVY-150,Bug,Major,76,2,7337.172222222222,,122,1,1,8,1
IVY-149,Bug,Major,1018,0,7340.1016666666665,,55,13,13,8,1
IVY-147,New Feature,Major,261,2,7363.799722222222,,197,45,45,12,1
IVY-146,New Feature,Major,32,8,7365.24,,68,2,2,5,1
IVY-145,New Feature,Major,151,2,7433.728611111111,,106,24,24,7,1
IVY-144,Bug,Major,227,2,7434.1211111111115,,62,17,17,6,1
IVY-143,Improvement,Major,142,2,7434.330833333333,,33,1,1,2,1
IVY-141,New Feature,Major,521,2,7458.921111111111,,339,48,48,6,1
IVY-140,New Feature,Major,460,2,7452.451666666667,,1,1,1,1,1
IVY-139,Improvement,Major,379,2,7480.142777777778,,51,34,34,2,1
IVY-138,Improvement,Minor,2078,3,7485.964722222222,,322,64,64,7,1
IVY-137,Improvement,Major,328,1,7477.607222222222,,376,121,121,23,1
IVY-136,Improvement,Minor,128,2,7501.845,,56,0,0,2,2
IVY-134,New Feature,Major,492,2,7499.408888888889,,422,31,31,16,1
IVY-133,Bug,Major,72,1,7499.837222222222,,25,18,18,4,1
IVY-132,Improvement,Major,611,2,7599.908888888889,,135,21,21,11,1
IVY-131,Improvement,Major,159,2,7596.356111111111,,98,31,31,5,1
IVY-130,Bug,Major,267,1,7621.529166666666,,299,52,52,14,2
IVY-129,Improvement,Minor,96,2,7643.402777777777,,97,5,5,2,2
IVY-128,New Feature,Major,672,26,7650.413333333333,,1168,1,1,15,2
IVY-127,Improvement,Major,197,2,7652.290555555555,,25,12,12,3,1
IVY-126,Bug,Major,167,0,7643.946111111111,,2,1,1,2,1
IVY-125,Improvement,Trivial,746,1,7677.2219444444445,,4,1,1,3,1
IVY-124,Improvement,Minor,3721,2,7693.298333333333,,45,1,1,3,1
IVY-123,Bug,Minor,2171,1,7696.487222222222,,11,13,11,3,1
IVY-121,New Feature,Major,113,2,7817.063611111111,,103,9,9,5,1
IVY-120,New Feature,Major,374,2,7985.466111111111,,247,33,33,10,1
IVY-119,Bug,Major,189,1,8026.923333333333,,41,1,1,4,1
IVY-118,New Feature,Minor,228,1,8029.174166666667,,257,106,106,8,1
IVY-117,Bug,Major,176,0,8029.3358333333335,,47,0,0,4,1
IVY-116,Bug,Major,2329,3,8107.9225,,265,37,37,17,1
IVY-115,Bug,Major,3939,2,8340.613333333333,,28,2,2,3,1
IVY-113,Improvement,Minor,468,3,8435.533611111112,,86,13,13,5,1
IVY-112,Bug,Major,380,1,8487.4775,,37,6,6,7,1
IVY-110,Improvement,Minor,1499,1,8513.425,,43,2,2,4,2
IVY-108,Bug,Major,1129,3,8654.089166666667,,255,184,184,7,1
IVY-105,Bug,Major,280,1,22869.17,,63,8,8,4,1
IVY-103,New Feature,Major,354,8,9304.835555555555,,102,9,9,9,2
IVY-102,Improvement,Blocker,1305,5,9332.425833333333,,91,12,12,3,1
IVY-101,Improvement,Minor,541,4,9380.943333333333,,171,14,14,5,1
IVY-100,Improvement,Major,125,2,9445.4475,,16,2,2,4,1
IVY-99,New Feature,Major,176,2,9445.528333333334,,54,0,0,4,1
IVY-98,New Feature,Major,112,2,9445.834722222222,,477,39,39,7,1
IVY-97,Bug,Major,535,3,9502.983888888888,,47,2,2,6,1
IVY-96,New Feature,Major,451,3,9519.8575,,62,7,7,3,1
IVY-95,Improvement,Major,458,8,9523.46,,37,4,4,4,1
IVY-94,Bug,Minor,55,2,9547.794722222223,,27,16,16,5,1
IVY-93,Improvement,Major,1091,5,9666.88,,135,32,32,3,1
IVY-92,New Feature,Major,229,11,9669.106944444444,,49,6,6,3,2
IVY-90,Bug,Minor,149,0,9786.773333333333,,187,43,43,7,1
IVY-89,Bug,Major,1774,6,24398.977777777778,,27,29,27,4,1
IVY-88,New Feature,Minor,213,4,10053.191944444445,,422,31,31,16,1
IVY-87,Bug,Major,727,2,10121.986944444445,,30,5,5,5,2
IVY-86,Bug,Major,2033,1,10122.95388888889,,33,0,0,4,1
IVY-85,Bug,Major,1062,0,10143.627222222221,,43,32,32,4,1
IVY-84,Bug,Major,1472,5,10191.782222222222,,419,1,1,30,1
IVY-83,Bug,Major,229,1,10215.318055555555,,141,32,32,15,1
IVY-78,Improvement,Major,416,4,10453.907777777778,,4,4,4,4,1
IVY-77,New Feature,Minor,853,3,14262.51888888889,,901,109,109,21,1
IVY-76,Bug,Major,744,1,10479.062777777777,,192,48,48,18,1
IVY-75,Bug,Minor,603,1,10701.055277777778,,40,6,6,3,1
IVY-71,New Feature,Major,336,1,10894.922222222222,,124,18,18,7,2
IVY-69,New Feature,Major,205,9,11033.314166666667,,198,1,1,11,2
IVY-68,New Feature,Major,1011,3,11178.598055555556,,224,12,12,20,2
IVY-66,New Feature,Minor,645,3,11397.542777777779,,47,7,7,5,1
IVY-65,Bug,Minor,84,2,16204.349444444444,,29,11,11,10,1
IVY-64,Bug,Major,382,5,11536.279444444444,,4,3,3,4,1
IVY-62,Bug,Minor,248,1,11628.29361111111,,6,2,2,2,1
IVY-61,Bug,Major,770,2,11628.498333333333,,42,14,14,8,1
IVY-59,Bug,Major,4785,1,11700.964444444444,,4,0,0,2,1
IVY-57,Bug,Trivial,728,1,11826.973333333333,,6,5,5,2,1
IVY-56,Bug,Minor,4410,1,11875.52611111111,,35,1,1,6,1
IVY-55,Improvement,Minor,176,1,11963.804722222223,,29,0,0,3,1
IVY-54,Improvement,Major,656,4,11990.666111111112,,233,37,37,10,2
IVY-53,Improvement,Major,236,0,12161.694166666666,,83,0,0,6,1
IVY-52,New Feature,Minor,579,1,12205.940277777778,,102,83,83,7,2
IVY-51,Bug,Major,360,2,12307.846944444444,,160,19,19,13,2
IVY-49,Bug,Major,154,1,12327.46,,33,0,0,4,1
IVY-48,Improvement,Major,707,3,12348.236111111111,,26,4,4,2,1
IVY-47,New Feature,Major,73,4,12373.41138888889,,1166,397,397,50,1
IVY-45,New Feature,Major,201,2,12516.448611111111,,184,16,16,12,1
IVY-35,Improvement,Minor,189,6,13815.408055555556,,111,16,16,5,1
IVY-33,Improvement,Minor,153,4,13884.975277777778,,198,5,5,6,1
IVY-27,Improvement,Minor,140,3,14371.2875,,272,8,8,23,1
IVY-21,Improvement,Minor,108,2,16243.257777777777,,89,33,33,8,1
IVY-20,Improvement,Minor,101,1,16243.28638888889,,73,19,19,10,1
